account_id,account_name,plan_tier,seats,churn_probability,risk_level,total_usage,total_errors,ticket_count,avg_satisfaction_score,top_signal,recommended_action
A-dcc2f0,Company_309,Basic,15,0.695,High Risk,833,26,2.0,4.0,High Feature Usage (Unmet Goals),Review feature gaps — offer upgrade consultation or product demo
A-726cfa,Company_82,Pro,11,0.686,High Risk,993,45,3.0,4.0,High Feature Usage (Unmet Goals),Review feature gaps — offer upgrade consultation or product demo
A-4c38bc,Company_55,Basic,36,0.678,High Risk,818,27,3.0,3.5,High Feature Usage (Unmet Goals),Review feature gaps — offer upgrade consultation or product demo
A-cab532,Company_218,Pro,11,0.671,High Risk,1005,47,1.0,4.0,High Feature Usage (Unmet Goals),Review feature gaps — offer upgrade consultation or product demo
A-157070,Company_85,Pro,16,0.665,High Risk,696,26,3.0,3.0,Low Satisfaction Score,Schedule customer success call — address pain points directly
A-a6d261,Company_303,Pro,9,0.664,High Risk,627,29,4.0,4.666666666666667,High Feature Usage (Unmet Goals),Review feature gaps — offer upgrade consultation or product demo
A-417d2f,Company_285,Pro,4,0.66,High Risk,722,31,6.0,4.333333333333333,High Feature Usage (Unmet Goals),Review feature gaps — offer upgrade consultation or product demo
A-751c58,Company_393,Basic,15,0.655,High Risk,574,12,5.0,4.333333333333333,High Feature Usage (Unmet Goals),Review feature gaps — offer upgrade consultation or product demo
A-5b4ebb,Company_69,Basic,21,0.653,High Risk,692,25,5.0,4.75,High Feature Usage (Unmet Goals),Review feature gaps — offer upgrade consultation or product demo
A-039727,Company_107,Pro,25,0.643,High Risk,768,32,0.0,4.0,High Feature Usage (Unmet Goals),Review feature gaps — offer upgrade consultation or product demo
A-e6afc1,Company_346,Pro,1,0.641,High Risk,679,30,0.0,4.0,High Feature Usage (Unmet Goals),Review feature gaps — offer upgrade consultation or product demo
A-977ca0,Company_232,Basic,6,0.64,High Risk,893,46,3.0,4.0,High Feature Usage (Unmet Goals),Review feature gaps — offer upgrade consultation or product demo
A-592832,Company_10,Basic,18,0.639,High Risk,1053,55,3.0,5.0,High Feature Usage (Unmet Goals),Review feature gaps — offer upgrade consultation or product demo
A-a8d89d,Company_326,Pro,13,0.639,High Risk,551,26,2.0,5.0,High Feature Usage (Unmet Goals),Review feature gaps — offer upgrade consultation or product demo
A-bad8c1,Company_34,Basic,7,0.634,High Risk,385,11,1.0,4.0,Low Satisfaction Score,Schedule customer success call — address pain points directly
A-2bc93d,Company_43,Basic,14,0.63,High Risk,666,31,2.0,4.5,High Feature Usage (Unmet Goals),Review feature gaps — offer upgrade consultation or product demo
A-922109,Company_243,Pro,3,0.63,High Risk,819,34,3.0,3.0,Low Satisfaction Score,Schedule customer success call — address pain points directly
A-05d3b3,Company_213,Basic,9,0.623,High Risk,642,22,6.0,4.333333333333333,High Feature Usage (Unmet Goals),Review feature gaps — offer upgrade consultation or product demo
A-e7a1e2,Company_295,Enterprise,3,0.621,High Risk,703,36,1.0,4.0,High Feature Usage (Unmet Goals),Review feature gaps — offer upgrade consultation or product demo
A-9f0b68,Company_489,Basic,10,0.621,High Risk,709,33,3.0,3.0,Low Satisfaction Score,Schedule customer success call — address pain points directly
A-ac9111,Company_487,Pro,21,0.617,High Risk,808,46,3.0,5.0,High Feature Usage (Unmet Goals),Review feature gaps — offer upgrade consultation or product demo
A-0f3e88,Company_428,Basic,7,0.617,High Risk,598,28,3.0,4.5,High Feature Usage (Unmet Goals),Review feature gaps — offer upgrade consultation or product demo
A-029f69,Company_129,Basic,3,0.614,High Risk,789,42,2.0,3.0,Low Satisfaction Score,Schedule customer success call — address pain points directly
A-2d4502,Company_45,Basic,7,0.614,High Risk,465,19,3.0,5.0,High Feature Usage (Unmet Goals),Review feature gaps — offer upgrade consultation or product demo
A-7df7a7,Company_125,Basic,7,0.614,High Risk,922,47,3.0,4.0,High Feature Usage (Unmet Goals),Review feature gaps — offer upgrade consultation or product demo
A-8b25f2,Company_96,Pro,6,0.613,High Risk,565,20,2.0,4.0,Low Satisfaction Score,Schedule customer success call — address pain points directly
A-b7ef83,Company_474,Pro,1,0.612,High Risk,738,39,2.0,4.0,High Feature Usage (Unmet Goals),Review feature gaps — offer upgrade consultation or product demo
A-b7b7b7,Company_338,Basic,24,0.61,High Risk,571,26,3.0,5.0,High Feature Usage (Unmet Goals),Review feature gaps — offer upgrade consultation or product demo
A-6dee43,Company_478,Basic,3,0.61,High Risk,461,11,5.0,4.333333333333333,High Ticket Volume,Proactive outreach — review history of unresolved issues
A-a33200,Company_352,Basic,29,0.61,High Risk,517,26,3.0,4.5,High Feature Usage (Unmet Goals),Review feature gaps — offer upgrade consultation or product demo
A-e89151,Company_234,Pro,8,0.61,High Risk,601,29,2.0,5.0,High Feature Usage (Unmet Goals),Review feature gaps — offer upgrade consultation or product demo
A-cb5333,Company_370,Pro,33,0.609,High Risk,796,34,4.0,3.0,Low Satisfaction Score,Schedule customer success call — address pain points directly
A-c16cf7,Company_377,Pro,13,0.608,High Risk,577,26,3.0,3.5,Low Satisfaction Score,Schedule customer success call — address pain points directly
A-6c093d,Company_12,Basic,7,0.606,High Risk,670,30,3.0,5.0,High Feature Usage (Unmet Goals),Review feature gaps — offer upgrade consultation or product demo
A-db5e9e,Company_442,Basic,4,0.605,High Risk,586,27,2.0,5.0,High Feature Usage (Unmet Goals),Review feature gaps — offer upgrade consultation or product demo
A-462d45,Company_13,Enterprise,11,0.605,High Risk,642,26,4.0,4.0,High Feature Usage (Unmet Goals),Review feature gaps — offer upgrade consultation or product demo
A-8145a0,Company_33,Basic,2,0.602,High Risk,693,27,6.0,4.0,High Feature Usage (Unmet Goals),Review feature gaps — offer upgrade consultation or product demo
A-9b9fe9,Company_71,Basic,5,0.601,High Risk,597,22,4.0,4.0,High Feature Usage (Unmet Goals),Review feature gaps — offer upgrade consultation or product demo
A-f19409,Company_105,Basic,23,0.6,High Risk,659,31,3.0,4.0,High Feature Usage (Unmet Goals),Review feature gaps — offer upgrade consultation or product demo
A-eb7c38,Company_47,Enterprise,5,0.599,Medium Risk,693,27,5.0,4.333333333333333,High Feature Usage (Unmet Goals),Review feature gaps — offer upgrade consultation or product demo
A-692f18,Company_195,Basic,5,0.599,Medium Risk,871,55,2.0,5.0,High Feature Usage (Unmet Goals),Review feature gaps — offer upgrade consultation or product demo
A-40de06,Company_369,Enterprise,28,0.598,Medium Risk,902,43,3.0,4.0,High Feature Usage (Unmet Goals),Review feature gaps — offer upgrade consultation or product demo
A-e60f9d,Company_178,Basic,29,0.598,Medium Risk,629,24,2.0,4.0,High Feature Usage (Unmet Goals),Review feature gaps — offer upgrade consultation or product demo
A-c16101,Company_139,Basic,7,0.596,Medium Risk,561,29,4.0,5.0,High Feature Usage (Unmet Goals),Review feature gaps — offer upgrade consultation or product demo
A-4f18f0,Company_145,Pro,24,0.595,Medium Risk,544,25,5.0,4.0,Low Satisfaction Score,Schedule customer success call — address pain points directly
A-4a267b,Company_451,Pro,25,0.594,Medium Risk,498,22,4.0,4.333333333333333,High Feature Usage (Unmet Goals),Review feature gaps — offer upgrade consultation or product demo
A-02cd81,Company_76,Basic,44,0.593,Medium Risk,684,28,3.0,4.5,High Feature Usage (Unmet Goals),Review feature gaps — offer upgrade consultation or product demo
A-f44180,Company_376,Pro,9,0.592,Medium Risk,520,22,2.0,5.0,High Feature Usage (Unmet Goals),Review feature gaps — offer upgrade consultation or product demo
A-054577,Company_455,Basic,2,0.592,Medium Risk,833,52,1.0,4.0,High Feature Usage (Unmet Goals),Review feature gaps — offer upgrade consultation or product demo
A-f92792,Company_67,Pro,1,0.59,Medium Risk,528,31,2.0,4.0,Low Satisfaction Score,Schedule customer success call — address pain points directly
A-e3bd71,Company_347,Basic,31,0.59,Medium Risk,638,27,4.0,4.0,High Feature Usage (Unmet Goals),Review feature gaps — offer upgrade consultation or product demo
A-075038,Company_397,Basic,17,0.589,Medium Risk,743,31,2.0,3.0,Low Satisfaction Score,Schedule customer success call — address pain points directly
A-3c1a3f,Company_224,Pro,1,0.588,Medium Risk,497,22,4.0,3.5,Low Satisfaction Score,Schedule customer success call — address pain points directly
A-0651a4,Company_255,Pro,16,0.588,Medium Risk,705,37,4.0,4.0,High Feature Usage (Unmet Goals),Review feature gaps — offer upgrade consultation or product demo
A-d40bf7,Company_11,Basic,59,0.588,Medium Risk,562,22,2.0,5.0,High Feature Usage (Unmet Goals),Review feature gaps — offer upgrade consultation or product demo
A-7c83a1,Company_447,Pro,12,0.587,Medium Risk,632,23,4.0,4.0,High Feature Usage (Unmet Goals),Review feature gaps — offer upgrade consultation or product demo
A-08e34e,Company_32,Basic,14,0.586,Medium Risk,651,32,3.0,3.0,Low Satisfaction Score,Schedule customer success call — address pain points directly
A-d77f4c,Company_470,Pro,4,0.586,Medium Risk,617,32,2.0,4.0,High Feature Usage (Unmet Goals),Review feature gaps — offer upgrade consultation or product demo
A-0a282f,Company_2,Basic,1,0.585,Medium Risk,821,48,3.0,4.666666666666667,High Feature Usage (Unmet Goals),Review feature gaps — offer upgrade consultation or product demo
A-1b7577,Company_39,Pro,4,0.585,Medium Risk,647,33,5.0,4.0,High Feature Usage (Unmet Goals),Review feature gaps — offer upgrade consultation or product demo
A-ccb686,Company_491,Basic,10,0.585,Medium Risk,721,46,1.0,4.0,High Feature Usage (Unmet Goals),Review feature gaps — offer upgrade consultation or product demo
A-aa9511,Company_203,Pro,23,0.584,Medium Risk,625,35,2.0,4.0,High Feature Usage (Unmet Goals),Review feature gaps — offer upgrade consultation or product demo
A-2922b6,Company_70,Basic,15,0.583,Medium Risk,393,13,2.0,4.0,Low Satisfaction Score,Schedule customer success call — address pain points directly
A-eb1312,Company_322,Pro,25,0.583,Medium Risk,663,38,1.0,5.0,High Feature Usage (Unmet Goals),Review feature gaps — offer upgrade consultation or product demo
A-cd458b,Company_430,Basic,10,0.583,Medium Risk,864,45,5.0,4.6,High Feature Usage (Unmet Goals),Review feature gaps — offer upgrade consultation or product demo
A-f17767,Company_123,Enterprise,1,0.583,Medium Risk,713,38,3.0,4.0,High Feature Usage (Unmet Goals),Review feature gaps — offer upgrade consultation or product demo
A-55f257,Company_496,Basic,9,0.582,Medium Risk,476,25,6.0,5.0,High Ticket Volume,Proactive outreach — review history of unresolved issues
A-7a0d69,Company_187,Enterprise,4,0.581,Medium Risk,606,31,2.0,5.0,High Feature Usage (Unmet Goals),Review feature gaps — offer upgrade consultation or product demo
A-ffdfd5,Company_365,Basic,3,0.581,Medium Risk,529,28,0.0,4.0,Low Satisfaction Score,Schedule customer success call — address pain points directly
A-5a3eb9,Company_283,Enterprise,18,0.58,Medium Risk,722,34,3.0,4.0,High Feature Usage (Unmet Goals),Review feature gaps — offer upgrade consultation or product demo
A-6f8ad2,Company_57,Basic,1,0.58,Medium Risk,924,59,4.0,4.333333333333333,High Feature Usage (Unmet Goals),Review feature gaps — offer upgrade consultation or product demo
A-81edc3,Company_236,Basic,5,0.579,Medium Risk,765,41,3.0,4.0,High Feature Usage (Unmet Goals),Review feature gaps — offer upgrade consultation or product demo
A-5247b3,Company_375,Pro,16,0.578,Medium Risk,610,29,5.0,4.0,High Feature Usage (Unmet Goals),Review feature gaps — offer upgrade consultation or product demo
A-f03140,Company_209,Pro,27,0.578,Medium Risk,595,22,7.0,3.6666666666666665,Low Satisfaction Score,Schedule customer success call — address pain points directly
A-8bde0c,Company_287,Basic,12,0.578,Medium Risk,773,43,3.0,4.0,High Feature Usage (Unmet Goals),Review feature gaps — offer upgrade consultation or product demo
A-fa2041,Company_211,Pro,15,0.577,Medium Risk,552,34,1.0,3.0,Low Satisfaction Score,Schedule customer success call — address pain points directly
A-88c6ca,Company_179,Basic,5,0.577,Medium Risk,446,19,1.0,4.0,Low Satisfaction Score,Schedule customer success call — address pain points directly
A-443f6f,Company_304,Basic,19,0.577,Medium Risk,527,28,4.0,4.666666666666667,High Feature Usage (Unmet Goals),Review feature gaps — offer upgrade consultation or product demo
A-7f8241,Company_42,Pro,34,0.576,Medium Risk,734,38,1.0,3.0,Low Satisfaction Score,Schedule customer success call — address pain points directly
A-0e966d,Company_493,Basic,11,0.575,Medium Risk,636,34,3.0,4.5,High Feature Usage (Unmet Goals),Review feature gaps — offer upgrade consultation or product demo
A-0dbdc6,Company_366,Pro,30,0.575,Medium Risk,512,31,4.0,5.0,High Feature Usage (Unmet Goals),Review feature gaps — offer upgrade consultation or product demo
A-bd4708,Company_257,Pro,37,0.575,Medium Risk,653,30,4.0,3.5,Low Satisfaction Score,Schedule customer success call — address pain points directly
A-249769,Company_214,Enterprise,4,0.573,Medium Risk,678,30,2.0,4.0,High Feature Usage (Unmet Goals),Review feature gaps — offer upgrade consultation or product demo
A-bcf664,Company_248,Pro,5,0.571,Medium Risk,575,28,5.0,4.0,High Feature Usage (Unmet Goals),Review feature gaps — offer upgrade consultation or product demo
A-7f4db3,Company_441,Pro,4,0.571,Medium Risk,844,46,5.0,3.25,Low Satisfaction Score,Schedule customer success call — address pain points directly
A-22d9d2,Company_188,Pro,8,0.571,Medium Risk,782,43,6.0,4.0,High Feature Usage (Unmet Goals),Review feature gaps — offer upgrade consultation or product demo
A-19b2c8,Company_476,Pro,20,0.569,Medium Risk,601,34,3.0,4.666666666666667,High Feature Usage (Unmet Goals),Review feature gaps — offer upgrade consultation or product demo
A-87aa7b,Company_433,Pro,24,0.569,Medium Risk,742,35,3.0,4.0,High Feature Usage (Unmet Goals),Review feature gaps — offer upgrade consultation or product demo
A-00bed1,Company_306,Basic,28,0.569,Medium Risk,514,27,4.0,4.0,Low Satisfaction Score,Schedule customer success call — address pain points directly
A-8adedc,Company_300,Basic,4,0.566,Medium Risk,583,33,4.0,4.0,High Feature Usage (Unmet Goals),Review feature gaps — offer upgrade consultation or product demo
A-544d0a,Company_153,Basic,2,0.566,Medium Risk,510,22,2.0,4.0,Low Satisfaction Score,Schedule customer success call — address pain points directly
A-474ad4,Company_261,Basic,8,0.565,Medium Risk,605,45,3.0,5.0,High Error Rate,Assign technical support — investigate product errors immediately
A-80eeb6,Company_402,Enterprise,22,0.564,Medium Risk,725,43,4.0,3.6666666666666665,Low Satisfaction Score,Schedule customer success call — address pain points directly
A-bcf87c,Company_288,Pro,10,0.564,Medium Risk,503,19,2.0,4.0,Low Satisfaction Score,Schedule customer success call — address pain points directly
A-c45b23,Company_75,Basic,5,0.564,Medium Risk,581,30,3.0,3.0,Low Satisfaction Score,Schedule customer success call — address pain points directly
A-10b8f2,Company_151,Basic,47,0.564,Medium Risk,560,23,3.0,4.333333333333333,High Feature Usage (Unmet Goals),Review feature gaps — offer upgrade consultation or product demo
A-6f50ae,Company_466,Pro,19,0.563,Medium Risk,811,48,5.0,4.5,High Feature Usage (Unmet Goals),Review feature gaps — offer upgrade consultation or product demo
A-bbc346,Company_138,Enterprise,19,0.563,Medium Risk,650,37,3.0,4.5,High Feature Usage (Unmet Goals),Review feature gaps — offer upgrade consultation or product demo
A-6e08f3,Company_220,Basic,8,0.563,Medium Risk,492,21,2.0,3.5,Low Satisfaction Score,Schedule customer success call — address pain points directly
A-5c9849,Company_362,Basic,19,0.563,Medium Risk,473,23,4.0,4.0,Low Satisfaction Score,Schedule customer success call — address pain points directly
A-832ec2,Company_19,Enterprise,4,0.56,Medium Risk,511,25,3.0,4.0,Low Satisfaction Score,Schedule customer success call — address pain points directly
A-35083d,Company_27,Basic,19,0.559,Medium Risk,791,37,4.0,5.0,High Feature Usage (Unmet Goals),Review feature gaps — offer upgrade consultation or product demo
A-eb2fdc,Company_216,Enterprise,31,0.559,Medium Risk,547,17,5.0,4.5,High Feature Usage (Unmet Goals),Review feature gaps — offer upgrade consultation or product demo
A-1b707d,Company_56,Enterprise,1,0.558,Medium Risk,399,12,3.0,4.0,Low Satisfaction Score,Schedule customer success call — address pain points directly
A-600734,Company_327,Pro,29,0.558,Medium Risk,660,30,7.0,3.6666666666666665,Low Satisfaction Score,Schedule customer success call — address pain points directly
A-cc98bc,Company_469,Basic,32,0.558,Medium Risk,551,24,3.0,4.0,Low Satisfaction Score,Schedule customer success call — address pain points directly
A-ccabf0,Company_471,Pro,1,0.556,Medium Risk,506,29,4.0,3.6666666666666665,Low Satisfaction Score,Schedule customer success call — address pain points directly
A-e5d6ab,Company_7,Pro,3,0.556,Medium Risk,382,23,3.0,4.0,Low Satisfaction Score,Schedule customer success call — address pain points directly
A-7920cc,Company_412,Pro,39,0.556,Medium Risk,601,28,7.0,4.333333333333333,High Ticket Volume,Proactive outreach — review history of unresolved issues
A-712426,Company_155,Enterprise,9,0.554,Medium Risk,696,31,6.0,4.4,High Feature Usage (Unmet Goals),Review feature gaps — offer upgrade consultation or product demo
A-e61e98,Company_115,Enterprise,19,0.554,Medium Risk,527,25,6.0,4.6,High Ticket Volume,Proactive outreach — review history of unresolved issues
A-ff79f2,Company_165,Basic,8,0.554,Medium Risk,393,12,2.0,4.0,Low Satisfaction Score,Schedule customer success call — address pain points directly
A-b3fe05,Company_238,Pro,8,0.553,Medium Risk,438,18,4.0,3.0,Low Satisfaction Score,Schedule customer success call — address pain points directly
A-427b69,Company_453,Basic,17,0.553,Medium Risk,698,36,2.0,3.0,Low Satisfaction Score,Schedule customer success call — address pain points directly
A-d4ac0e,Company_364,Basic,18,0.553,Medium Risk,793,53,4.0,3.5,Low Satisfaction Score,Schedule customer success call — address pain points directly
A-df1e44,Company_323,Enterprise,12,0.553,Medium Risk,420,14,2.0,5.0,High Feature Usage (Unmet Goals),Review feature gaps — offer upgrade consultation or product demo
A-c7ffc2,Company_392,Pro,30,0.553,Medium Risk,640,28,2.0,3.0,Low Satisfaction Score,Schedule customer success call — address pain points directly
A-7988d1,Company_90,Basic,33,0.552,Medium Risk,449,28,3.0,4.333333333333333,High Feature Usage (Unmet Goals),Review feature gaps — offer upgrade consultation or product demo
A-b7724f,Company_320,Basic,1,0.552,Medium Risk,380,16,3.0,3.0,Low Satisfaction Score,Schedule customer success call — address pain points directly
A-9779ad,Company_171,Pro,40,0.551,Medium Risk,413,25,3.0,5.0,High Feature Usage (Unmet Goals),Review feature gaps — offer upgrade consultation or product demo
A-c37601,Company_48,Basic,6,0.55,Medium Risk,489,21,4.0,3.6666666666666665,Low Satisfaction Score,Schedule customer success call — address pain points directly
A-5a184f,Company_124,Enterprise,1,0.55,Medium Risk,587,29,3.0,4.333333333333333,High Feature Usage (Unmet Goals),Review feature gaps — offer upgrade consultation or product demo
A-089363,Company_387,Basic,2,0.549,Medium Risk,628,33,3.0,3.6666666666666665,Low Satisfaction Score,Schedule customer success call — address pain points directly
A-22f2df,Company_106,Basic,3,0.549,Medium Risk,429,17,5.0,5.0,High Ticket Volume,Proactive outreach — review history of unresolved issues
A-fdfc91,Company_414,Basic,29,0.548,Medium Risk,564,29,5.0,3.6666666666666665,Low Satisfaction Score,Schedule customer success call — address pain points directly
A-7f29a7,Company_386,Basic,41,0.547,Medium Risk,619,38,1.0,4.0,High Feature Usage (Unmet Goals),Review feature gaps — offer upgrade consultation or product demo
A-e693b6,Company_240,Enterprise,55,0.546,Medium Risk,681,25,1.0,3.0,Low Satisfaction Score,Schedule customer success call — address pain points directly
A-4e631b,Company_298,Enterprise,22,0.546,Medium Risk,502,29,2.0,4.0,Low Satisfaction Score,Schedule customer success call — address pain points directly
A-3a7284,Company_93,Enterprise,31,0.544,Medium Risk,609,30,3.0,3.5,Low Satisfaction Score,Schedule customer success call — address pain points directly
A-acb7f7,Company_330,Basic,32,0.544,Medium Risk,612,36,3.0,3.5,Low Satisfaction Score,Schedule customer success call — address pain points directly
A-781cc0,Company_499,Pro,12,0.544,Medium Risk,864,42,4.0,3.6666666666666665,High Feature Usage (Unmet Goals),Review feature gaps — offer upgrade consultation or product demo
A-6a4e2d,Company_46,Pro,9,0.544,Medium Risk,597,31,2.0,4.5,High Feature Usage (Unmet Goals),Review feature gaps — offer upgrade consultation or product demo
A-378b99,Company_60,Pro,8,0.544,Medium Risk,565,38,6.0,4.5,High Ticket Volume,Proactive outreach — review history of unresolved issues
A-4d1e75,Company_58,Basic,20,0.543,Medium Risk,477,25,2.0,4.0,Low Satisfaction Score,Schedule customer success call — address pain points directly
A-ff3c73,Company_244,Pro,21,0.543,Medium Risk,408,23,2.0,3.5,Low Satisfaction Score,Schedule customer success call — address pain points directly
A-016043,Company_405,Basic,4,0.543,Medium Risk,490,21,3.0,4.0,Low Satisfaction Score,Schedule customer success call — address pain points directly
A-89ee83,Company_312,Pro,1,0.543,Medium Risk,565,26,5.0,4.0,Low Satisfaction Score,Schedule customer success call — address pain points directly
A-4437e4,Company_192,Enterprise,3,0.543,Medium Risk,806,43,6.0,3.0,Low Satisfaction Score,Schedule customer success call — address pain points directly
A-2b9d3e,Company_319,Enterprise,1,0.542,Medium Risk,444,19,3.0,5.0,High Feature Usage (Unmet Goals),Review feature gaps — offer upgrade consultation or product demo
A-e1b9cd,Company_484,Pro,40,0.542,Medium Risk,840,47,1.0,3.0,Low Satisfaction Score,Schedule customer success call — address pain points directly
A-e51ec7,Company_113,Enterprise,2,0.542,Medium Risk,417,18,3.0,5.0,High Feature Usage (Unmet Goals),Review feature gaps — offer upgrade consultation or product demo
A-712f1c,Company_331,Basic,17,0.542,Medium Risk,631,34,6.0,4.0,High Feature Usage (Unmet Goals),Review feature gaps — offer upgrade consultation or product demo
A-95b24a,Company_117,Pro,38,0.541,Medium Risk,611,34,5.0,4.25,High Feature Usage (Unmet Goals),Review feature gaps — offer upgrade consultation or product demo
A-c37cab,Company_278,Pro,13,0.541,Medium Risk,708,40,4.0,3.75,High Feature Usage (Unmet Goals),Review feature gaps — offer upgrade consultation or product demo
A-9affe6,Company_401,Pro,7,0.54,Medium Risk,473,16,3.0,3.0,Low Satisfaction Score,Schedule customer success call — address pain points directly
A-cea1f0,Company_273,Pro,8,0.54,Medium Risk,586,28,5.0,4.333333333333333,High Feature Usage (Unmet Goals),Review feature gaps — offer upgrade consultation or product demo
A-fce879,Company_291,Pro,10,0.54,Medium Risk,299,14,2.0,4.0,Low Satisfaction Score,Schedule customer success call — address pain points directly
A-e36807,Company_164,Pro,6,0.539,Medium Risk,446,27,2.0,4.5,High Feature Usage (Unmet Goals),Review feature gaps — offer upgrade consultation or product demo
A-7641d3,Company_429,Pro,8,0.538,Medium Risk,519,26,5.0,4.333333333333333,High Ticket Volume,Proactive outreach — review history of unresolved issues
A-9ee962,Company_59,Basic,9,0.538,Medium Risk,439,17,3.0,4.0,Low Satisfaction Score,Schedule customer success call — address pain points directly
A-ce66f8,Company_17,Pro,29,0.538,Medium Risk,494,19,6.0,3.5,Low Satisfaction Score,Schedule customer success call — address pain points directly
A-bf7919,Company_426,Pro,3,0.538,Medium Risk,262,14,2.0,5.0,High Error Rate,Assign technical support — investigate product errors immediately
A-af0cd2,Company_204,Enterprise,19,0.538,Medium Risk,687,33,3.0,4.0,High Feature Usage (Unmet Goals),Review feature gaps — offer upgrade consultation or product demo
A-779e4e,Company_193,Basic,5,0.538,Medium Risk,393,20,5.0,4.0,Low Satisfaction Score,Schedule customer success call — address pain points directly
A-4ef964,Company_262,Pro,17,0.537,Medium Risk,487,33,3.0,4.0,Low Satisfaction Score,Schedule customer success call — address pain points directly
A-00cac8,Company_26,Enterprise,8,0.537,Medium Risk,602,31,2.0,4.0,High Feature Usage (Unmet Goals),Review feature gaps — offer upgrade consultation or product demo
A-ba6516,Company_154,Pro,27,0.537,Medium Risk,642,32,6.0,4.0,High Feature Usage (Unmet Goals),Review feature gaps — offer upgrade consultation or product demo
A-65aeb5,Company_120,Pro,9,0.536,Medium Risk,533,40,2.0,5.0,High Error Rate,Assign technical support — investigate product errors immediately
A-1f0636,Company_368,Pro,105,0.536,Medium Risk,685,30,2.0,3.5,Low Satisfaction Score,Schedule customer success call — address pain points directly
A-54d94a,Company_385,Basic,27,0.536,Medium Risk,582,28,4.0,3.5,Low Satisfaction Score,Schedule customer success call — address pain points directly
A-e2cd1b,Company_121,Enterprise,15,0.536,Medium Risk,465,18,5.0,4.0,Low Satisfaction Score,Schedule customer success call — address pain points directly
A-0cc442,Company_198,Basic,45,0.536,Medium Risk,765,41,3.0,3.0,Low Satisfaction Score,Schedule customer success call — address pain points directly
A-068fc6,Company_465,Enterprise,35,0.535,Medium Risk,598,29,5.0,4.333333333333333,High Feature Usage (Unmet Goals),Review feature gaps — offer upgrade consultation or product demo
A-7d514c,Company_119,Enterprise,17,0.535,Medium Risk,502,30,3.0,5.0,High Feature Usage (Unmet Goals),Review feature gaps — offer upgrade consultation or product demo
A-151c9a,Company_260,Enterprise,23,0.534,Medium Risk,366,14,2.0,3.5,Low Satisfaction Score,Schedule customer success call — address pain points directly
A-9f9299,Company_133,Enterprise,28,0.533,Medium Risk,830,54,5.0,5.0,High Feature Usage (Unmet Goals),Review feature gaps — offer upgrade consultation or product demo
A-86cdb4,Company_250,Basic,2,0.532,Medium Risk,492,24,5.0,4.333333333333333,High Ticket Volume,Proactive outreach — review history of unresolved issues
A-396e5f,Company_30,Enterprise,2,0.532,Medium Risk,540,23,5.0,4.0,Low Satisfaction Score,Schedule customer success call — address pain points directly
A-a2485e,Company_467,Pro,3,0.532,Medium Risk,317,13,0.0,4.0,Low Satisfaction Score,Schedule customer success call — address pain points directly
A-271f46,Company_84,Pro,38,0.531,Medium Risk,373,16,1.0,4.0,Low Satisfaction Score,Schedule customer success call — address pain points directly
A-883b7d,Company_313,Basic,17,0.531,Medium Risk,644,40,7.0,3.6,Low Satisfaction Score,Schedule customer success call — address pain points directly
A-855a48,Company_389,Pro,14,0.53,Medium Risk,448,16,5.0,3.6666666666666665,Low Satisfaction Score,Schedule customer success call — address pain points directly
A-1619f8,Company_183,Pro,29,0.53,Medium Risk,432,26,3.0,5.0,High Feature Usage (Unmet Goals),Review feature gaps — offer upgrade consultation or product demo
A-66224b,Company_87,Pro,92,0.53,Medium Risk,626,29,6.0,3.5,Low Satisfaction Score,Schedule customer success call — address pain points directly
A-82d8a6,Company_444,Basic,5,0.53,Medium Risk,661,38,5.0,3.5,Low Satisfaction Score,Schedule customer success call — address pain points directly
A-098560,Company_349,Enterprise,1,0.529,Medium Risk,567,32,2.0,3.0,Low Satisfaction Score,Schedule customer success call — address pain points directly
A-712533,Company_498,Pro,18,0.529,Medium Risk,571,35,5.0,3.75,Low Satisfaction Score,Schedule customer success call — address pain points directly
A-c9bb3e,Company_336,Pro,5,0.529,Medium Risk,474,20,7.0,4.2,High Ticket Volume,Proactive outreach — review history of unresolved issues
A-72799b,Company_394,Enterprise,20,0.529,Medium Risk,550,34,2.0,4.5,High Feature Usage (Unmet Goals),Review feature gaps — offer upgrade consultation or product demo
A-684255,Company_20,Enterprise,9,0.528,Medium Risk,653,44,4.0,4.666666666666667,High Feature Usage (Unmet Goals),Review feature gaps — offer upgrade consultation or product demo
A-c608c8,Company_199,Pro,3,0.527,Medium Risk,445,27,2.0,3.0,Low Satisfaction Score,Schedule customer success call — address pain points directly
A-dfbd31,Company_190,Enterprise,14,0.527,Medium Risk,599,19,6.0,4.25,High Ticket Volume,Proactive outreach — review history of unresolved issues
A-fda07f,Company_230,Basic,7,0.526,Medium Risk,681,39,5.0,4.0,High Feature Usage (Unmet Goals),Review feature gaps — offer upgrade consultation or product demo
A-7da956,Company_141,Pro,13,0.526,Medium Risk,543,35,3.0,5.0,High Feature Usage (Unmet Goals),Review feature gaps — offer upgrade consultation or product demo
A-b78bf8,Company_148,Pro,33,0.526,Medium Risk,421,11,5.0,4.2,High Ticket Volume,Proactive outreach — review history of unresolved issues
A-9badbd,Company_63,Enterprise,5,0.526,Medium Risk,729,45,5.0,5.0,High Feature Usage (Unmet Goals),Review feature gaps — offer upgrade consultation or product demo
A-118d55,Company_65,Basic,8,0.525,Medium Risk,599,33,5.0,4.333333333333333,High Feature Usage (Unmet Goals),Review feature gaps — offer upgrade consultation or product demo
A-a09355,Company_459,Basic,14,0.525,Medium Risk,788,47,5.0,4.0,High Feature Usage (Unmet Goals),Review feature gaps — offer upgrade consultation or product demo
A-812c5b,Company_395,Basic,55,0.524,Medium Risk,866,46,4.0,4.0,High Feature Usage (Unmet Goals),Review feature gaps — offer upgrade consultation or product demo
A-c62e55,Company_315,Basic,1,0.524,Medium Risk,337,13,4.0,4.0,Low Satisfaction Score,Schedule customer success call — address pain points directly
A-970c97,Company_477,Enterprise,14,0.524,Medium Risk,444,24,1.0,5.0,High Feature Usage (Unmet Goals),Review feature gaps — offer upgrade consultation or product demo
A-a0ca4e,Company_6,Pro,11,0.523,Medium Risk,373,14,6.0,3.8,Low Satisfaction Score,Schedule customer success call — address pain points directly
A-503d5a,Company_99,Enterprise,4,0.523,Medium Risk,605,32,9.0,4.0,High Ticket Volume,Proactive outreach — review history of unresolved issues
A-9289f6,Company_104,Enterprise,1,0.523,Medium Risk,642,38,6.0,4.333333333333333,High Feature Usage (Unmet Goals),Review feature gaps — offer upgrade consultation or product demo
A-4e44e8,Company_22,Enterprise,3,0.523,Medium Risk,687,37,3.0,3.3333333333333335,Low Satisfaction Score,Schedule customer success call — address pain points directly
A-463db0,Company_16,Basic,15,0.521,Medium Risk,367,13,6.0,4.25,High Ticket Volume,Proactive outreach — review history of unresolved issues
A-4e960a,Company_277,Enterprise,12,0.521,Medium Risk,512,21,6.0,4.0,High Ticket Volume,Proactive outreach — review history of unresolved issues
A-3b5cd1,Company_49,Basic,13,0.521,Medium Risk,523,24,5.0,4.0,Low Satisfaction Score,Schedule customer success call — address pain points directly
A-58b9ff,Company_425,Enterprise,2,0.521,Medium Risk,667,32,2.0,4.0,High Feature Usage (Unmet Goals),Review feature gaps — offer upgrade consultation or product demo
A-4c56c9,Company_449,Enterprise,9,0.52,Medium Risk,623,38,5.0,3.75,Low Satisfaction Score,Schedule customer success call — address pain points directly
A-a1b80b,Company_184,Basic,16,0.519,Medium Risk,749,48,4.0,4.0,High Feature Usage (Unmet Goals),Review feature gaps — offer upgrade consultation or product demo
A-ccc747,Company_339,Pro,16,0.519,Medium Risk,284,13,4.0,5.0,High Ticket Volume,Proactive outreach — review history of unresolved issues
A-bb2f49,Company_356,Pro,8,0.519,Medium Risk,618,42,3.0,4.0,High Error Rate,Assign technical support — investigate product errors immediately
A-02fac6,Company_52,Pro,22,0.518,Medium Risk,514,34,6.0,4.0,High Ticket Volume,Proactive outreach — review history of unresolved issues
A-d535f6,Company_421,Basic,12,0.518,Medium Risk,477,29,0.0,4.0,Low Satisfaction Score,Schedule customer success call — address pain points directly
A-afa505,Company_157,Basic,70,0.517,Medium Risk,507,28,4.0,3.0,Low Satisfaction Score,Schedule customer success call — address pain points directly
A-1f0ac7,Company_3,Basic,24,0.517,Medium Risk,382,21,2.0,4.0,Low Satisfaction Score,Schedule customer success call — address pain points directly
A-104f1a,Company_89,Pro,24,0.517,Medium Risk,438,22,5.0,3.75,Low Satisfaction Score,Schedule customer success call — address pain points directly
A-e888d1,Company_102,Pro,14,0.516,Medium Risk,552,36,5.0,4.0,Low Satisfaction Score,Schedule customer success call — address pain points directly
A-52dd88,Company_127,Pro,23,0.516,Medium Risk,516,33,1.0,4.0,Low Satisfaction Score,Schedule customer success call — address pain points directly
A-3a5ad8,Company_94,Enterprise,9,0.516,Medium Risk,506,23,4.0,4.5,High Feature Usage (Unmet Goals),Review feature gaps — offer upgrade consultation or product demo
A-756192,Company_390,Basic,19,0.516,Medium Risk,617,43,3.0,4.0,High Error Rate,Assign technical support — investigate product errors immediately
A-91e948,Company_88,Basic,41,0.514,Medium Risk,404,16,0.0,4.0,Low Satisfaction Score,Schedule customer success call — address pain points directly
A-716841,Company_437,Pro,45,0.513,Medium Risk,344,13,5.0,4.0,Low Satisfaction Score,Schedule customer success call — address pain points directly
A-32fb14,Company_25,Enterprise,26,0.513,Medium Risk,488,19,5.0,4.5,High Ticket Volume,Proactive outreach — review history of unresolved issues
A-ab438f,Company_233,Enterprise,13,0.512,Medium Risk,369,12,2.0,3.5,Low Satisfaction Score,Schedule customer success call — address pain points directly
A-d3c88e,Company_490,Pro,16,0.512,Medium Risk,644,48,3.0,4.0,High Error Rate,Assign technical support — investigate product errors immediately
A-b30291,Company_344,Basic,5,0.511,Medium Risk,519,31,1.0,4.0,Low Satisfaction Score,Schedule customer success call — address pain points directly
A-d62e02,Company_420,Pro,6,0.51,Medium Risk,344,23,1.0,4.0,Low Satisfaction Score,Schedule customer success call — address pain points directly
A-4c6f11,Company_146,Pro,24,0.51,Medium Risk,268,4,3.0,4.333333333333333,Low Satisfaction Score,Schedule customer success call — address pain points directly
A-40906c,Company_235,Basic,92,0.51,Medium Risk,685,32,5.0,3.75,Low Satisfaction Score,Schedule customer success call — address pain points directly
A-f9cc74,Company_360,Enterprise,30,0.51,Medium Risk,484,22,6.0,4.0,High Ticket Volume,Proactive outreach — review history of unresolved issues
A-32728c,Company_54,Pro,20,0.51,Medium Risk,418,22,2.0,3.5,Low Satisfaction Score,Schedule customer success call — address pain points directly
A-9123ac,Company_219,Pro,9,0.51,Medium Risk,386,24,6.0,4.2,High Ticket Volume,Proactive outreach — review history of unresolved issues
A-cc1d8d,Company_440,Pro,5,0.51,Medium Risk,618,48,5.0,4.5,High Error Rate,Assign technical support — investigate product errors immediately
A-96e141,Company_134,Basic,14,0.51,Medium Risk,346,19,5.0,4.333333333333333,High Ticket Volume,Proactive outreach — review history of unresolved issues
A-65c341,Company_308,Pro,11,0.509,Medium Risk,410,18,5.0,4.0,Low Satisfaction Score,Schedule customer success call — address pain points directly
A-9c18c4,Company_481,Pro,11,0.509,Medium Risk,556,37,4.0,4.0,Low Satisfaction Score,Schedule customer success call — address pain points directly
A-f5641b,Company_382,Pro,31,0.509,Medium Risk,438,18,4.0,3.0,Low Satisfaction Score,Schedule customer success call — address pain points directly
A-659280,Company_417,Enterprise,13,0.509,Medium Risk,613,34,4.0,4.333333333333333,High Feature Usage (Unmet Goals),Review feature gaps — offer upgrade consultation or product demo
A-e4144b,Company_316,Pro,41,0.509,Medium Risk,439,21,3.0,4.0,Low Satisfaction Score,Schedule customer success call — address pain points directly
A-71615e,Company_167,Basic,15,0.508,Medium Risk,620,41,1.0,4.0,High Feature Usage (Unmet Goals),Review feature gaps — offer upgrade consultation or product demo
A-e19ff6,Company_411,Enterprise,1,0.507,Medium Risk,456,24,3.0,4.666666666666667,High Feature Usage (Unmet Goals),Review feature gaps — offer upgrade consultation or product demo
A-bc4d48,Company_343,Pro,35,0.507,Medium Risk,321,9,6.0,4.2,High Ticket Volume,Proactive outreach — review history of unresolved issues
A-cbd1a3,Company_325,Basic,6,0.507,Medium Risk,465,32,4.0,4.0,Low Satisfaction Score,Schedule customer success call — address pain points directly
A-533452,Company_279,Pro,9,0.507,Medium Risk,595,44,4.0,4.0,High Error Rate,Assign technical support — investigate product errors immediately
A-1d5444,Company_427,Basic,24,0.506,Medium Risk,592,35,2.0,4.0,High Feature Usage (Unmet Goals),Review feature gaps — offer upgrade consultation or product demo
A-d792a6,Company_486,Enterprise,4,0.505,Medium Risk,690,40,5.0,4.0,High Feature Usage (Unmet Goals),Review feature gaps — offer upgrade consultation or product demo
A-309e54,Company_371,Pro,15,0.505,Medium Risk,509,24,5.0,3.0,Low Satisfaction Score,Schedule customer success call — address pain points directly
A-7f6b86,Company_299,Basic,45,0.505,Medium Risk,420,14,7.0,3.6666666666666665,Low Satisfaction Score,Schedule customer success call — address pain points directly
A-43a9e3,Company_1,Basic,18,0.505,Medium Risk,355,14,3.0,4.0,Low Satisfaction Score,Schedule customer success call — address pain points directly
A-f45426,Company_172,Basic,9,0.505,Medium Risk,624,49,3.0,4.0,High Error Rate,Assign technical support — investigate product errors immediately
A-432483,Company_78,Pro,4,0.504,Medium Risk,451,28,1.0,4.0,Low Satisfaction Score,Schedule customer success call — address pain points directly
A-cdf020,Company_345,Pro,23,0.504,Medium Risk,379,18,4.0,4.0,Low Satisfaction Score,Schedule customer success call — address pain points directly
A-1ac5e0,Company_126,Basic,33,0.504,Medium Risk,558,31,7.0,3.8,High Ticket Volume,Proactive outreach — review history of unresolved issues
A-6965e1,Company_379,Basic,13,0.504,Medium Risk,627,29,3.0,3.0,Low Satisfaction Score,Schedule customer success call — address pain points directly
A-eafc6e,Company_149,Pro,27,0.504,Medium Risk,300,15,1.0,4.0,Low Satisfaction Score,Schedule customer success call — address pain points directly
A-186a44,Company_101,Enterprise,20,0.502,Medium Risk,614,25,7.0,3.5,Low Satisfaction Score,Schedule customer success call — address pain points directly
A-b07b56,Company_292,Pro,25,0.502,Medium Risk,633,39,4.0,3.0,Low Satisfaction Score,Schedule customer success call — address pain points directly
A-d5a319,Company_158,Enterprise,15,0.502,Medium Risk,604,43,1.0,4.0,High Error Rate,Assign technical support — investigate product errors immediately
A-139c3b,Company_185,Enterprise,10,0.502,Medium Risk,478,16,9.0,4.5,High Ticket Volume,Proactive outreach — review history of unresolved issues
A-794a0b,Company_168,Basic,23,0.502,Medium Risk,347,31,0.0,4.0,Low Satisfaction Score,Schedule customer success call — address pain points directly
A-2f6a32,Company_160,Basic,19,0.502,Medium Risk,654,46,2.0,3.5,Low Satisfaction Score,Schedule customer success call — address pain points directly
A-c4ea60,Company_18,Enterprise,18,0.501,Medium Risk,427,18,5.0,3.6,Low Satisfaction Score,Schedule customer success call — address pain points directly
A-e40f45,Company_317,Pro,21,0.501,Medium Risk,401,26,7.0,4.333333333333333,High Ticket Volume,Proactive outreach — review history of unresolved issues
A-42b791,Company_464,Pro,3,0.5,Medium Risk,312,6,3.0,4.0,Low Satisfaction Score,Schedule customer success call — address pain points directly
A-313be3,Company_136,Enterprise,47,0.5,Medium Risk,560,40,4.0,5.0,High Error Rate,Assign technical support — investigate product errors immediately
A-68f37c,Company_202,Basic,4,0.498,Medium Risk,624,40,5.0,4.0,High Feature Usage (Unmet Goals),Review feature gaps — offer upgrade consultation or product demo
A-9077b0,Company_41,Basic,2,0.498,Medium Risk,493,31,3.0,4.333333333333333,High Feature Usage (Unmet Goals),Review feature gaps — offer upgrade consultation or product demo
A-d26ab4,Company_497,Basic,9,0.498,Medium Risk,458,24,2.0,4.0,Low Satisfaction Score,Schedule customer success call — address pain points directly
A-e4bf56,Company_272,Pro,17,0.498,Medium Risk,339,10,8.0,3.6666666666666665,High Ticket Volume,Proactive outreach — review history of unresolved issues
A-59f724,Company_432,Enterprise,3,0.498,Medium Risk,696,47,4.0,4.25,High Feature Usage (Unmet Goals),Review feature gaps — offer upgrade consultation or product demo
A-902ef7,Company_270,Enterprise,83,0.498,Medium Risk,414,24,2.0,4.0,Low Satisfaction Score,Schedule customer success call — address pain points directly
A-e1462e,Company_217,Basic,15,0.497,Medium Risk,347,22,2.0,3.5,Low Satisfaction Score,Schedule customer success call — address pain points directly
A-ac85cd,Company_485,Enterprise,53,0.497,Medium Risk,634,29,3.0,3.5,Low Satisfaction Score,Schedule customer success call — address pain points directly
A-5b1bcd,Company_166,Pro,73,0.497,Medium Risk,869,54,4.0,4.5,High Feature Usage (Unmet Goals),Review feature gaps — offer upgrade consultation or product demo
A-05f0e5,Company_40,Basic,32,0.497,Medium Risk,706,46,4.0,4.0,High Feature Usage (Unmet Goals),Review feature gaps — offer upgrade consultation or product demo
A-ad296b,Company_112,Pro,38,0.497,Medium Risk,294,12,3.0,3.6666666666666665,Low Satisfaction Score,Schedule customer success call — address pain points directly
A-2d1036,Company_399,Pro,69,0.497,Medium Risk,692,40,5.0,4.6,High Feature Usage (Unmet Goals),Review feature gaps — offer upgrade consultation or product demo
A-96bbc6,Company_342,Enterprise,39,0.496,Medium Risk,482,25,3.0,3.3333333333333335,Low Satisfaction Score,Schedule customer success call — address pain points directly
A-ffc04f,Company_307,Pro,13,0.496,Medium Risk,857,64,7.0,4.5,High Error Rate,Assign technical support — investigate product errors immediately
A-2446e3,Company_241,Pro,27,0.496,Medium Risk,496,32,3.0,4.0,Low Satisfaction Score,Schedule customer success call — address pain points directly
A-e08cd3,Company_475,Pro,67,0.496,Medium Risk,432,21,8.0,4.0,High Ticket Volume,Proactive outreach — review history of unresolved issues
A-7e0a10,Company_64,Enterprise,46,0.495,Medium Risk,511,35,5.0,4.0,Low Satisfaction Score,Schedule customer success call — address pain points directly
A-fe79a5,Company_81,Basic,9,0.495,Medium Risk,335,17,4.0,5.0,High Ticket Volume,Proactive outreach — review history of unresolved issues
A-0a62f5,Company_381,Pro,16,0.495,Medium Risk,244,7,2.0,4.0,Low Satisfaction Score,Schedule customer success call — address pain points directly
A-df10db,Company_143,Enterprise,2,0.495,Medium Risk,697,40,2.0,3.0,Low Satisfaction Score,Schedule customer success call — address pain points directly
A-bc87bc,Company_456,Pro,3,0.495,Medium Risk,394,14,7.0,3.75,High Ticket Volume,Proactive outreach — review history of unresolved issues
A-ae052e,Company_132,Basic,39,0.494,Medium Risk,300,12,4.0,4.0,Low Satisfaction Score,Schedule customer success call — address pain points directly
A-84ebe4,Company_68,Pro,18,0.494,Medium Risk,396,26,4.0,4.0,Low Satisfaction Score,Schedule customer success call — address pain points directly
A-1b9609,Company_5,Enterprise,4,0.494,Medium Risk,457,21,4.0,3.0,Low Satisfaction Score,Schedule customer success call — address pain points directly
A-d82ef9,Company_355,Basic,26,0.494,Medium Risk,679,46,5.0,4.25,High Feature Usage (Unmet Goals),Review feature gaps — offer upgrade consultation or product demo
A-2789e3,Company_268,Enterprise,11,0.493,Medium Risk,680,45,4.0,4.0,High Feature Usage (Unmet Goals),Review feature gaps — offer upgrade consultation or product demo
A-3932db,Company_144,Pro,19,0.493,Medium Risk,434,28,6.0,4.333333333333333,High Ticket Volume,Proactive outreach — review history of unresolved issues
A-a45270,Company_37,Enterprise,3,0.492,Medium Risk,733,53,4.0,4.0,High Error Rate,Assign technical support — investigate product errors immediately
A-98a59a,Company_80,Enterprise,56,0.492,Medium Risk,455,21,3.0,4.5,High Feature Usage (Unmet Goals),Review feature gaps — offer upgrade consultation or product demo
A-4e0e85,Company_409,Enterprise,6,0.492,Medium Risk,288,9,2.0,5.0,High Feature Usage (Unmet Goals),Review feature gaps — offer upgrade consultation or product demo
A-b20d99,Company_29,Basic,20,0.491,Medium Risk,329,12,2.0,3.5,Low Satisfaction Score,Schedule customer success call — address pain points directly
A-5f2961,Company_284,Basic,4,0.491,Medium Risk,348,19,1.0,4.0,Low Satisfaction Score,Schedule customer success call — address pain points directly
A-3be56b,Company_200,Pro,3,0.491,Medium Risk,528,33,4.0,3.5,Low Satisfaction Score,Schedule customer success call — address pain points directly
A-0f7d77,Company_457,Pro,3,0.489,Medium Risk,298,19,5.0,5.0,High Ticket Volume,Proactive outreach — review history of unresolved issues
A-158f4e,Company_180,Enterprise,61,0.488,Medium Risk,453,29,5.0,4.333333333333333,High Ticket Volume,Proactive outreach — review history of unresolved issues
A-625d0b,Company_290,Basic,9,0.487,Medium Risk,529,38,5.0,3.0,Low Satisfaction Score,Schedule customer success call — address pain points directly
A-30b4ca,Company_23,Basic,86,0.487,Medium Risk,402,22,3.0,4.0,Low Satisfaction Score,Schedule customer success call — address pain points directly
A-94d3da,Company_61,Basic,41,0.487,Medium Risk,464,25,6.0,3.5,Low Satisfaction Score,Schedule customer success call — address pain points directly
A-ce550d,Company_4,Enterprise,35,0.487,Medium Risk,579,31,7.0,3.8,High Ticket Volume,Proactive outreach — review history of unresolved issues
A-1f559b,Company_357,Enterprise,5,0.486,Medium Risk,400,27,5.0,4.2,High Ticket Volume,Proactive outreach — review history of unresolved issues
A-a1bbb6,Company_74,Basic,1,0.486,Medium Risk,366,20,3.0,4.0,Low Satisfaction Score,Schedule customer success call — address pain points directly
A-425e76,Company_110,Enterprise,8,0.484,Medium Risk,438,24,5.0,3.3333333333333335,Low Satisfaction Score,Schedule customer success call — address pain points directly
A-0354fe,Company_380,Basic,34,0.483,Medium Risk,463,30,4.0,4.0,Low Satisfaction Score,Schedule customer success call — address pain points directly
A-3b37d9,Company_384,Enterprise,23,0.483,Medium Risk,451,21,5.0,4.5,High Ticket Volume,Proactive outreach — review history of unresolved issues
A-443b7c,Company_280,Enterprise,1,0.483,Medium Risk,618,29,8.0,4.4,High Ticket Volume,Proactive outreach — review history of unresolved issues
A-3793ee,Company_332,Enterprise,49,0.483,Medium Risk,352,11,4.0,4.0,Low Satisfaction Score,Schedule customer success call — address pain points directly
A-67be94,Company_276,Enterprise,26,0.483,Medium Risk,416,17,5.0,4.0,Low Satisfaction Score,Schedule customer success call — address pain points directly
A-40a557,Company_86,Pro,16,0.481,Medium Risk,402,17,7.0,3.6666666666666665,Low Satisfaction Score,Schedule customer success call — address pain points directly
A-c43359,Company_83,Pro,38,0.481,Medium Risk,461,32,3.0,4.0,Low Satisfaction Score,Schedule customer success call — address pain points directly
A-50f3f7,Company_140,Basic,31,0.48,Medium Risk,685,45,6.0,5.0,High Feature Usage (Unmet Goals),Review feature gaps — offer upgrade consultation or product demo
A-9174e0,Company_73,Basic,37,0.48,Medium Risk,689,61,2.0,5.0,High Error Rate,Assign technical support — investigate product errors immediately
A-4814a3,Company_337,Basic,87,0.48,Medium Risk,587,45,4.0,4.0,High Error Rate,Assign technical support — investigate product errors immediately
A-dcc3f1,Company_314,Pro,21,0.48,Medium Risk,500,32,9.0,3.8,High Ticket Volume,Proactive outreach — review history of unresolved issues
A-c222ab,Company_206,Pro,32,0.48,Medium Risk,435,33,4.0,5.0,High Error Rate,Assign technical support — investigate product errors immediately
A-5ed98d,Company_479,Basic,24,0.478,Medium Risk,312,18,5.0,5.0,High Ticket Volume,Proactive outreach — review history of unresolved issues
A-3f9cc0,Company_359,Basic,22,0.478,Medium Risk,407,24,5.0,4.5,High Ticket Volume,Proactive outreach — review history of unresolved issues
A-f97b9a,Company_159,Pro,16,0.477,Medium Risk,561,33,7.0,3.6666666666666665,Low Satisfaction Score,Schedule customer success call — address pain points directly
A-180abf,Company_122,Pro,64,0.477,Medium Risk,499,28,3.0,3.0,Low Satisfaction Score,Schedule customer success call — address pain points directly
A-118f1c,Company_492,Pro,32,0.477,Medium Risk,369,14,1.0,3.0,Low Satisfaction Score,Schedule customer success call — address pain points directly
A-019782,Company_142,Enterprise,11,0.477,Medium Risk,562,30,2.0,3.0,Low Satisfaction Score,Schedule customer success call — address pain points directly
A-0b0d6d,Company_267,Pro,3,0.477,Medium Risk,582,48,5.0,4.0,High Error Rate,Assign technical support — investigate product errors immediately
A-9208f0,Company_79,Pro,1,0.477,Medium Risk,538,31,8.0,3.3333333333333335,Low Satisfaction Score,Schedule customer success call — address pain points directly
A-202b67,Company_305,Pro,11,0.476,Medium Risk,447,40,4.0,4.666666666666667,High Error Rate,Assign technical support — investigate product errors immediately
A-f3ff05,Company_44,Enterprise,2,0.476,Medium Risk,672,36,3.0,3.5,Low Satisfaction Score,Schedule customer success call — address pain points directly
A-fa3095,Company_174,Basic,70,0.475,Medium Risk,600,42,5.0,5.0,High Error Rate,Assign technical support — investigate product errors immediately
A-49b828,Company_391,Pro,6,0.475,Medium Risk,687,45,3.0,3.5,Low Satisfaction Score,Schedule customer success call — address pain points directly
A-94f8c9,Company_51,Basic,13,0.475,Medium Risk,746,63,3.0,5.0,High Error Rate,Assign technical support — investigate product errors immediately
A-faa28c,Company_91,Enterprise,48,0.474,Medium Risk,585,24,4.0,4.666666666666667,High Feature Usage (Unmet Goals),Review feature gaps — offer upgrade consultation or product demo
A-9f2731,Company_24,Enterprise,1,0.473,Medium Risk,324,20,0.0,4.0,Low Satisfaction Score,Schedule customer success call — address pain points directly
A-c16b88,Company_431,Enterprise,23,0.472,Medium Risk,457,24,3.0,3.0,Low Satisfaction Score,Schedule customer success call — address pain points directly
A-6843f2,Company_335,Enterprise,21,0.472,Medium Risk,481,17,2.0,3.0,Low Satisfaction Score,Schedule customer success call — address pain points directly
A-18793f,Company_488,Basic,148,0.472,Medium Risk,486,20,5.0,3.8,Low Satisfaction Score,Schedule customer success call — address pain points directly
A-4bfa33,Company_251,Basic,8,0.472,Medium Risk,329,17,4.0,3.6666666666666665,Low Satisfaction Score,Schedule customer success call — address pain points directly
A-ee42db,Company_77,Enterprise,13,0.471,Medium Risk,511,33,4.0,3.0,Low Satisfaction Score,Schedule customer success call — address pain points directly
A-fd9422,Company_263,Pro,58,0.471,Medium Risk,456,21,6.0,3.5,Low Satisfaction Score,Schedule customer success call — address pain points directly
A-0532a9,Company_170,Pro,19,0.47,Medium Risk,519,30,8.0,3.0,Low Satisfaction Score,Schedule customer success call — address pain points directly
A-8e47ca,Company_191,Pro,19,0.469,Medium Risk,441,35,5.0,4.0,Low Satisfaction Score,Schedule customer success call — address pain points directly
A-f6b2fb,Company_418,Basic,23,0.468,Medium Risk,524,37,5.0,4.0,Low Satisfaction Score,Schedule customer success call — address pain points directly
A-b44e3e,Company_383,Basic,40,0.468,Medium Risk,387,13,3.0,4.333333333333333,Low Satisfaction Score,Schedule customer success call — address pain points directly
A-5c046d,Company_130,Basic,93,0.468,Medium Risk,475,23,1.0,3.0,Low Satisfaction Score,Schedule customer success call — address pain points directly
A-54ecc2,Company_289,Enterprise,4,0.468,Medium Risk,607,39,5.0,5.0,High Feature Usage (Unmet Goals),Review feature gaps — offer upgrade consultation or product demo
A-993085,Company_258,Basic,31,0.467,Medium Risk,665,50,4.0,3.5,Low Satisfaction Score,Schedule customer success call — address pain points directly
A-3ce5b8,Company_256,Basic,8,0.466,Medium Risk,509,29,10.0,3.7142857142857144,High Ticket Volume,Proactive outreach — review history of unresolved issues
A-ac14bb,Company_15,Enterprise,21,0.466,Medium Risk,531,42,2.0,4.0,High Error Rate,Assign technical support — investigate product errors immediately
A-5790f4,Company_446,Pro,1,0.465,Medium Risk,321,26,4.0,4.0,Low Satisfaction Score,Schedule customer success call — address pain points directly
A-39b19f,Company_176,Enterprise,1,0.464,Medium Risk,530,37,6.0,4.25,High Ticket Volume,Proactive outreach — review history of unresolved issues
A-69fad4,Company_103,Basic,6,0.464,Medium Risk,412,24,4.0,3.6666666666666665,Low Satisfaction Score,Schedule customer success call — address pain points directly
A-2edab2,Company_301,Enterprise,17,0.462,Medium Risk,487,26,4.0,3.0,Low Satisfaction Score,Schedule customer success call — address pain points directly
A-92a3af,Company_259,Enterprise,25,0.461,Medium Risk,714,55,4.0,4.0,High Error Rate,Assign technical support — investigate product errors immediately
A-a8b49c,Company_72,Basic,7,0.461,Medium Risk,545,43,1.0,4.0,High Error Rate,Assign technical support — investigate product errors immediately
A-69b156,Company_396,Pro,7,0.459,Medium Risk,360,20,7.0,4.0,High Ticket Volume,Proactive outreach — review history of unresolved issues
A-34ea2f,Company_436,Enterprise,8,0.456,Medium Risk,550,30,8.0,3.8,High Ticket Volume,Proactive outreach — review history of unresolved issues
A-d922bf,Company_221,Basic,5,0.456,Medium Risk,419,19,7.0,3.3333333333333335,Low Satisfaction Score,Schedule customer success call — address pain points directly
A-3cc791,Company_423,Enterprise,6,0.456,Medium Risk,447,30,6.0,4.25,High Ticket Volume,Proactive outreach — review history of unresolved issues
A-86fc1d,Company_328,Basic,26,0.456,Medium Risk,363,26,5.0,4.0,Low Satisfaction Score,Schedule customer success call — address pain points directly
A-bcbe98,Company_452,Enterprise,46,0.455,Medium Risk,635,43,7.0,4.0,High Ticket Volume,Proactive outreach — review history of unresolved issues
A-90a8c8,Company_249,Pro,15,0.455,Medium Risk,404,20,4.0,3.25,Low Satisfaction Score,Schedule customer success call — address pain points directly
A-de24d5,Company_231,Enterprise,5,0.454,Medium Risk,537,28,7.0,3.0,Low Satisfaction Score,Schedule customer success call — address pain points directly
A-37f969,Company_150,Enterprise,30,0.454,Medium Risk,312,14,5.0,3.6666666666666665,Low Satisfaction Score,Schedule customer success call — address pain points directly
A-0f6450,Company_400,Pro,28,0.454,Medium Risk,539,39,8.0,3.8333333333333335,High Ticket Volume,Proactive outreach — review history of unresolved issues
A-bd4513,Company_205,Enterprise,50,0.452,Medium Risk,507,34,3.0,4.666666666666667,High Error Rate,Assign technical support — investigate product errors immediately
A-dec005,Company_445,Pro,21,0.452,Medium Risk,475,44,2.0,3.0,Low Satisfaction Score,Schedule customer success call — address pain points directly
A-956988,Company_14,Enterprise,1,0.452,Medium Risk,658,49,2.0,3.0,Low Satisfaction Score,Schedule customer success call — address pain points directly
A-8ae3fc,Company_495,Pro,9,0.452,Medium Risk,402,30,4.0,3.5,Low Satisfaction Score,Schedule customer success call — address pain points directly
A-c1e51e,Company_173,Basic,3,0.452,Medium Risk,518,36,5.0,3.2,Low Satisfaction Score,Schedule customer success call — address pain points directly
A-484819,Company_109,Pro,18,0.452,Medium Risk,336,20,5.0,4.5,High Ticket Volume,Proactive outreach — review history of unresolved issues
A-7dacce,Company_8,Enterprise,12,0.451,Medium Risk,472,29,4.0,3.6666666666666665,Low Satisfaction Score,Schedule customer success call — address pain points directly
A-560d27,Company_266,Pro,23,0.45,Medium Risk,587,38,4.0,3.6666666666666665,Low Satisfaction Score,Schedule customer success call — address pain points directly
A-65a46c,Company_95,Pro,1,0.45,Medium Risk,370,21,8.0,4.0,High Ticket Volume,Proactive outreach — review history of unresolved issues
